epoch,acc,auc_pr,auc_roc,hamming_loss,loss,lr,ranking_loss,val_acc,val_auc_pr,val_auc_roc,val_hamming_loss,val_loss,val_ranking_loss
0,0.7205697845768284,0.314894670972953,0.5940500328669677,124.53181550309465,1.2838331356241897,0.001,7.347166834650813,0.7393814349174499,0.3457954502105713,0.6307402515411377,63.131799926757814,0.650843288898468,7.662273979187011
1,0.7662997946545884,0.3623371297443235,0.6478599003843359,50.59697269748997,0.5216182744180834,0.001,7.274249946748888,0.7599999856948852,0.37784558415412905,0.6602907657623291,72.39663208007812,0.7463570475578308,7.392709083557129
0,0.721753958914731,0.3138815192757426,0.5901477248282045,134.71802587766905,1.388845616498509,0.001,7.4139151830930965,0.7455669903755188,0.34331603527069093,0.6227485847473144,82.6924252319336,0.8524992322921753,7.4351284790039065
1,0.7674143056611757,0.3615982492227812,0.6411631534228454,50.328125721699486,0.5188466532004846,0.001,7.240895219751306,0.7614432907104492,0.37793647885322573,0.6562348008155823,61.686324768066406,0.6359414911270141,7.43692440032959
0,0.7204304659688795,0.3145092886847419,0.588671741453377,127.62733634742531,1.3157457419343896,0.001,7.387577501503197,0.7364948320388794,0.34822223901748656,0.6274414229393005,92.69031036376953,0.9555701923370361,7.201834983825684
1,0.7673794756064544,0.36706609137960383,0.6464328322861645,50.95626470204946,0.5253223196880238,0.001,7.234210272093077,0.7696907114982605,0.3839193785190582,0.6612647986412048,59.07722229003906,0.6090435194969177,7.61210334777832
