epoch,acc,auc,loss,lr,val_acc,val_auc,val_loss
0,0.5284201539046055,0.5251446897919113,0.7854475097076313,0.001,0.484123694896698,0.5334331870079041,6.381024360656738
1,0.5611939035557412,0.5363092438594715,0.7328354974050779,0.001,0.5088659644126892,0.5381867861747742,2.261456890106201
0,0.526713555729067,0.5184485139073552,0.7924050720962318,0.001,0.47690720319747926,0.5284031820297241,4.106833457946777
1,0.5641543377895613,0.5324202961212879,0.7248507697839994,0.001,0.5362886428833008,0.5376133799552918,1.6214808082580567
0,0.5304750445726756,0.5192513763904572,0.7857834285980946,0.001,0.5006185388565063,0.5337552213668824,1.8466661119461059
1,0.5634229356372679,0.5354807860142475,0.7299726009368896,0.001,0.49154637575149535,0.5384296131134033,1.8063171887397766
0,0.7832865062597636,0.001,0.08445945945945946,1.2483818674087523,0.08
1,0.7241877075788137,0.001,0.08445945945945946,4.217736148834229,0.24
0,0.5110995624516461,0.7966719495283591,0.001,0.5162670803070069,2.0432426595687865
1,0.5236479470858703,0.72923217431919,0.001,0.5307155656814575,5.422317543029785
0,0.7858464645372855,0.001,0.282952816502468,2.7862601184844973,0.39357457756996156
1,0.7212887897684768,0.001,0.2578124327434076,2.3392954158782957,0.41635733366012573
0,76.23839754671664,0.7859628474390185,0.001,165.90970794677733,1.7104093360900878
1,70.65078776591533,0.7283586368367478,0.001,680.320087890625,7.013609161376953
