epoch,acc,auc_pr,auc_roc,hamming_loss,loss,lr,ranking_loss,val_acc,val_auc_pr,val_auc_roc,val_hamming_loss,val_loss,val_ranking_loss
0,0.7094594346913131,0.3123645175349068,0.5975334749028489,78.71012801093025,0.8114446129750561,0.001,7.329646163695568,0.7371133959293366,0.33569495141506195,0.6199451816082001,59.525101013183594,0.613660848736763,7.294286041259766
