epoch,acc,auc_pr,auc_roc,hamming_loss,loss,lr,ranking_loss,val_acc,val_auc_pr,val_auc_roc,val_hamming_loss,val_loss,val_ranking_loss
0,0.767566169068761,0.027946915604891667,0.5672426499961521,982.0100372368145,3.7056982462347614,0.001,8.054718463520992,0.7673913863820767,0.028195679139926894,0.5687468922466313,983.3528502858013,3.7107654672150217,8.055302619934082
1,0.7676501673144954,0.028202442955267026,0.5686095255540833,982.2528395704201,3.706614482141094,0.001,8.055302619934082,0.7673913849603146,0.02821054902577072,0.5686939015300996,983.3528502858013,3.710765461090508,8.055302619934082
2,0.7676501675971764,0.02820993404586692,0.568667793742629,982.252840233389,3.7066144800073086,0.001,8.055302619934082,0.7673913857258788,0.02821484939494264,0.5686768893801838,983.3528499498279,3.7107654667775565,8.055302619934082
