epoch,acc,loss,lr,val_acc,val_loss
0,0.9507416445098301,0.788431660174463,0.001,0.9508379762336807,0.7859378372710155
