epoch,acc,auc_pr,auc_roc,hamming_loss,loss,lr,ranking_loss,val_acc,val_auc_pr,val_auc_roc,val_hamming_loss,val_loss,val_ranking_loss
0,0.5261911226285471,0.2578570311133926,0.5214352660082482,77.0365784103806,0.7941915191508628,0.001,6.933394528724052,0.5651546144485473,0.26371811509132387,0.530107843875885,72.37413330078125,0.7461250853538514,6.880323104858398
1,0.5691348346504005,0.2683353967763282,0.5389821787138243,70.0928893733669,0.7226070938883601,0.001,6.958389939488591,0.5878350305557251,0.26966033458709715,0.5404474687576294,108.74883453369141,1.121121997833252,7.651616744995117
