epoch,acc,auc_pr,auc_roc,hamming_loss,loss,lr,ranking_loss,val_acc,val_auc_pr,val_auc_roc,val_hamming_loss,val_loss,val_ranking_loss
0,0.7022847444624514,0.3132460380124079,0.5950518504187867,64.2183927072061,0.6620452799708456,0.001,7.194628230623297,0.7346391534805298,0.33554755449295043,0.6131630432605744,85.54364356994628,0.8818932163715363,7.456757688522339
