epoch,acc,auc_pr,auc_roc,hamming_loss,loss,lr,ranking_loss,val_acc,val_auc_pr,val_auc_roc,val_hamming_loss,val_loss,val_ranking_loss
0,0.7622596661786776,0.41320701789211584,0.6686494577978108,51.28126617380091,0.5286728370229941,0.001,7.225262377713178,0.7595876288414002,0.4206189227104187,0.6710318279266357,201.63482131958008,2.078709510564804,7.299078044891357
