epoch,acc,auc_pr,auc_roc,hamming_loss,loss,lr,ranking_loss,val_acc,val_auc_pr,val_auc_roc,val_hamming_loss,val_loss,val_ranking_loss
0,0.7243661042806264,0.3031964370527783,0.5659617604436101,427.8813521926468,4.411147939192282,0.001,7.427051041577314,0.7270102882385254,0.3146009302139282,0.574962387084961,425.278466796875,4.384314193725586,7.115401191711426
1,0.7403176249684514,0.31572599749307373,0.5751701238993052,404.4473188245619,4.169560026478123,0.001,7.228390468133463,0.7385566830635071,0.3198873269557953,0.5766665077209473,406.59728637695315,4.191724643707276,7.115401191711426
