epoch,acc,auc_pr,auc_roc,hamming_loss,loss,lr,ranking_loss,val_acc,val_auc_pr,val_auc_roc,val_hamming_loss,val_loss,val_ranking_loss
0,0.6410559842715392,0.26478648749557704,0.5331819218558234,547.8804357374037,5.648251878248678,0.001,7.230001030741511,0.6406185436248779,0.2654630756378174,0.5334613108634949,553.7792407226563,5.709064502716064,7.115401191711426
1,0.6431108705095343,0.26440937696276484,0.5325329891733221,554.710481385927,5.718664697698645,0.001,7.228390468133463,0.6410308933258057,0.2652784848213196,0.5326375794410706,554.857060546875,5.720175838470459,7.115401191711426
0,0.6658539772033691,0.2917128716771667,0.5687200708969219,508.3059505771946,5.240267511960623,0.001,7.230001030741511,0.6387628507614136,0.30047174453735354,0.5786907982826233,515.0346411132813,5.309635581970215,7.194999122619629
1,0.6778698579685108,0.3017732589631467,0.5804622737137047,500.5748039451805,5.16056497032578,0.001,7.228390468133463,0.6618556451797485,0.30425662875175474,0.5820873737335205,507.729951171875,5.234329452514649,7.115401229858398
