epoch,acc,loss,lr,val_acc,val_loss
0,0.9792965430683965,0.0767823218671071,0.001,0.9799313142123653,0.09807427365850385
