epoch,acc,loss,lr,val_acc,val_loss
0,0.9792965430683965,0.0767823218671071,0.001,0.9799313142123653,0.09807427365850385
0,0.9794010664329613,0.07588459076017098,0.001,0.9789814310902469,0.08283581393730308
0,0.9792942168754015,0.07971767966064108,0.001,0.9800398194461788,0.07479013607862893
0,0.9793268345996816,0.07763094163631495,0.001,0.9782465002952365,0.12394268272803464
