epoch,acc,auc_pr,auc_roc,hamming_loss,loss,lr,ranking_loss,val_acc,val_auc_pr,val_auc_roc,val_hamming_loss,val_loss,val_ranking_loss
0,0.6242337506767865,0.27095537834070826,0.5460515503545065,347.6914775435989,3.584448210492327,0.001,7.393273134489317,0.6391752398014069,0.27781096994876864,0.5540140104293824,160.8354849243164,1.6580978059768676,7.322202854156494
