epoch,acc,loss,lr,val_acc,val_loss
0,0.7659166729128039,0.5423486003199139,0.001,0.7641236972808838,3.1746506690979004
0,0.7613889534731169,0.5710301801965043,0.001,0.7389690589904785,4.167111740112305
0,0.7718027185749363,0.5330029556880126,0.001,0.7620618391036987,3.824095916748047
0,0.7620855191269437,0.6158938182366861,0.001,0.7595876026153564,3.859762706756592
0,0.7693647130115612,0.5264224945693403,0.001,0.7560824608802795,0.8145932579040527
