epoch,acc,loss,lr,val_acc,val_loss
0,0.998047939370551,0.027802825664263127,0.001,0.9981501984850791,0.02523203030984957
