epoch,acc,auc_pr,auc_roc,hamming_loss,loss,lr,ranking_loss,val_acc,val_auc_pr,val_auc_roc,val_hamming_loss,val_loss,val_ranking_loss
0,0.736695441643934,0.35757958919212623,0.6316424149113733,57.290549806646396,0.5906242191590168,0.001,7.262911311677985,0.6635051345825196,0.36272187530994415,0.6413332211971283,145.8080519104004,1.5031757640838623,7.206519260406494
