epoch,acc,auc_pr,auc_roc,hamming_loss,loss,lr,ranking_loss,val_acc,val_auc_pr,val_auc_roc,val_hamming_loss,val_loss,val_ranking_loss
0,0.6479172272658026,0.3069924491684179,0.5883663957183426,546.7098044708774,5.636183503871037,0.001,8.055302619934082,0.6420618349313736,0.29804986000061034,0.580107479095459,555.8811352539062,5.730733284950256,8.055302619934082
