epoch,acc,auc_pr,auc_roc,hamming_loss,loss,lr,ranking_loss,val_acc,val_auc_pr,val_auc_roc,val_hamming_loss,val_loss,val_ranking_loss
0,0.6461409664637333,0.2968738088132562,0.5786313120577786,546.9734994527456,5.638902008936212,0.001,8.049860661094254,0.6420618349313736,0.2967816811800003,0.5787270963191986,555.8811352539062,5.730733284950256,8.055302619934082
0,0.6461409664637333,0.2968738088132562,0.5786313120577786,546.9734994527456,5.638902008936212,0.001,8.049860661094254,0.6420618349313736,0.2967816811800003,0.5787270963191986,555.8811352539062,5.730733284950256,8.055302619934082
