epoch,acc,auc_pr,auc_roc,hamming_loss,loss,lr,ranking_loss,val_acc,val_auc_pr,val_auc_roc,val_hamming_loss,val_loss,val_ranking_loss
0,0.6062969974166638,0.26701386031266805,0.5410240824158127,604.5210915900566,6.2321762378151355,0.001,7.116430206878765,0.6315463733673096,0.2676613825559616,0.5405410397052764,572.4516101074219,5.901562957763672,7.037075967788696
