epoch,acc,auc_pr,auc_roc,hamming_loss,loss,lr,ranking_loss,val_acc,val_auc_pr,val_auc_roc,val_hamming_loss,val_loss,val_ranking_loss
0,0.699219820567885,0.3243955396921248,0.5851998258684132,465.39319610595703,4.797867967470272,0.001,8.050052053219563,0.7026803946495056,0.3106908619403839,0.5807862424850464,462.5018817138672,4.768060574531555,8.055302619934082
0,0.6460364805282773,0.29649787134415395,0.5781804490331057,546.9576543344034,5.638738657171662,0.001,8.050443803941882,0.6420618349313736,0.296780988574028,0.5787261807918549,555.8811352539062,5.730733284950256,8.055302619934082
0,0.6460364805282773,0.29649787134415395,0.5781804490331057,546.9576543344034,5.638738657171662,0.001,8.050443803941882,0.6420618349313736,0.296780988574028,0.5787261807918549,555.8811352539062,5.730733284950256,8.055302619934082
0,0.6460364805282773,0.29649787134415395,0.5781804490331057,546.9576543344034,5.638738657171662,0.001,8.050443803941882,0.6420618349313736,0.296780988574028,0.5787261807918549,555.8811352539062,5.730733284950256,8.055302619934082
0,0.709981872221908,0.33271002447282944,0.6079041730310466,444.7683267335634,4.58524048167306,0.001,7.225249342016272,0.7047422456741333,0.3366393041610718,0.6105981492996215,459.12012084960935,4.733197107315063,7.115401191711426
0,0.716146539393309,0.32447802557333094,0.5946440295995893,435.647647857666,4.491212848070505,0.001,7.225249342016272,0.7076288533210754,0.3266484200954437,0.5941170525550842,454.9830749511719,4.690547151565552,7.115401191711426
0,0.7133602510030205,0.32591200801166326,0.5984165593981743,439.7236019856221,4.533233003036396,0.001,7.225249342016272,0.7055669975280762,0.3309513914585114,0.6013318943977356,457.9995544433594,4.721644868850708,7.115401191711426
