epoch,acc,auc_pr,auc_roc,hamming_loss,loss,lr,ranking_loss,val_acc,val_auc_pr,val_auc_roc,val_hamming_loss,val_loss,val_ranking_loss
0,0.6461409664637333,0.2968738088132562,0.5786313120577786,546.9734994527456,5.638902008936212,0.001,8.049860661094254,0.6420618349313736,0.2967816811800003,0.5787270963191986,555.8811352539062,5.730733284950256,8.055302619934082
0,0.6461409664637333,0.2968738088132562,0.5786313120577786,546.9734994527456,5.638902008936212,0.001,8.049860661094254,0.6420618349313736,0.2967816811800003,0.5787270963191986,555.8811352539062,5.730733284950256,8.055302619934082
0,0.711827786387624,0.3327222045611691,0.6091576903252989,443.48337286871833,4.571993504021619,0.001,7.226892741950783,0.7059793591499328,0.3365749561786652,0.6098384952545166,457.28435302734374,4.71427170753479,7.115401191711426
