epoch,acc,auc_pr,auc_roc,hamming_loss,loss,lr,ranking_loss,val_acc,val_auc_pr,val_auc_roc,val_hamming_loss,val_loss,val_ranking_loss
0,0.5627960202258986,0.25906798918102236,0.5294746583377993,675.9139806902086,6.968185351507084,0.001,8.048850144888904,0.5441236853599548,0.25643343150615694,0.5253188717365265,707.2916052246094,7.291666030883789,8.055302619934082
