epoch,acc,loss,lr,val_acc,val_loss
0,0.9803845266393171,0.06425045358828191,0.001,0.9803102352869505,0.06830367866471403
0,0.9804760577328596,0.06371786498027594,0.001,0.980448647848459,0.08414552275369824
0,0.9804681752412511,0.06399826054520216,0.001,0.980441409513491,0.07520763096185999
0,0.9803550231386542,0.06400847541031408,0.001,0.9803721716644567,0.08254500413228065
