epoch,acc,loss,lr,val_acc,val_loss
0,0.9803845266393171,0.06425045358828191,0.001,0.9803102352869505,0.06830367866471403
