epoch,acc,loss,lr,val_acc,val_loss
0,0.9409189083260278,0.9420025006693398,0.001,0.9508379762336807,0.7859282859609004
