epoch,acc,loss,lr,val_acc,val_loss
0,0.9984181417904389,0.025496663937516702,0.001,0.9981571558955725,0.02521410610638057
