epoch,acc,auc_pr,auc_roc,hamming_loss,loss,lr,ranking_loss,val_acc,val_auc_pr,val_auc_roc,val_hamming_loss,val_loss,val_ranking_loss
0,0.6256965518601842,0.27229714408718253,0.54813439942695,217.4836110295476,2.2420991123528093,0.001,7.343534785348016,0.5999999713897705,0.27768022775650025,0.5529005634784698,108.30888854980469,1.1165864610671996,7.452761707305908
