epoch,acc,auc_pr,auc_roc,hamming_loss,loss,lr,ranking_loss,val_acc,val_auc_pr,val_auc_roc,val_hamming_loss,val_loss,val_ranking_loss
0,0.7946138667457956,0.02144894286890287,0.5362798107072968,616.0216416125139,3.2767108702481362,0.001,8.055302619934082,0.7949309706780123,0.021321332327047707,0.5358085857743177,615.0680164829853,3.271638398380678,8.055302619934082
1,0.7946138657931048,0.021347006085177738,0.5359309013586249,616.0216417541268,3.276710869817889,0.001,8.055302619934082,0.7949309721531466,0.02134149817624529,0.535915761655924,615.0680156805123,3.2716384037280397,8.055302619934082
2,0.7946138662848161,0.02129202547259139,0.5358642795615112,616.0216410617971,3.2767108679125068,0.001,8.055302619934082,0.7949309715538733,0.021350932092177526,0.5360238791341848,615.0680171438455,3.271638400593379,8.055302619934082
3,0.7946138662079862,0.02134902010830016,0.5361166762826245,616.0216418328006,3.276710871231559,0.001,8.055302619934082,0.7949309716921671,0.021345120751675672,0.5360289680708865,615.0680163885767,3.271638391189398,8.055302619934082
4,0.7946138657470068,0.02135078471224082,0.5360115443532324,616.0216417383921,3.276710868527146,0.001,8.055302619934082,0.7949309725219301,0.021348105394911693,0.5360668452783601,615.0680160581467,3.271638398196286,8.055302619934082
5,0.7946138666689657,0.021349745637637096,0.5360585448206562,616.0216417069225,3.276710869633497,0.001,8.055302619934082,0.7949309715999713,0.021353059850938542,0.5360977002934532,615.068017379867,3.2716383980118944,8.055302619934082
6,0.7946138656701769,0.02134067873338674,0.536116649207764,616.0216405897542,3.276710868465682,0.001,8.055302619934082,0.7949309710467959,0.02135192707889733,0.5361087615418046,615.0680161525552,3.2716383976431107,8.055302619934082
7,0.7946138666382337,0.02135812287723305,0.536129939199631,616.0216417226573,3.2767108680354347,0.001,8.055302619934082,0.7949309710928938,0.021355907589035817,0.5360971845035302,615.0680170494369,3.27163839450845,8.055302619934082
