epoch,acc,auc_pr,auc_roc,hamming_loss,loss,lr,ranking_loss,val_acc,val_auc_pr,val_auc_roc,val_hamming_loss,val_loss,val_ranking_loss
0,0.7641404174469613,0.41984720246211904,0.6812330572991758,51.95988093195735,0.5356688757200498,0.001,7.259538347656663,0.7373195576667786,0.43997358679771426,0.6974268412590027,93.03957763671875,0.959170868396759,7.745465698242188
