epoch,acc,loss,lr,val_acc,val_loss
0,0.7011702237902461,2.7399702869557045,0.001,0.710309271812439,2.5090030002593995
0,0.7054193180960577,2.3887938957762076,0.001,0.715051531791687,2.42208215713501
0,0.7137433709325017,2.222619471115035,0.001,0.7381443166732788,1.5928672313690186
0,0.7086235510336386,2.656268541877334,0.001,0.6938144183158874,1.7211734580993652
0,0.7112705312870644,2.2712070208949013,0.001,0.6684535789489746,2.4780496740341187
