epoch,acc,auc_pr,auc_roc,hamming_loss,loss,lr,ranking_loss,val_acc,val_auc_pr,val_auc_roc,val_hamming_loss,val_loss,val_ranking_loss
0,0.6913833753079981,0.29886192687459895,0.5762526300307866,448.63388584755563,4.625091600659731,0.001,7.3996949244189905,0.6663917303085327,0.30759183049201966,0.5795684576034545,439.95375244140627,4.535605702400208,7.193719682693481
