epoch,acc,auc_pr,auc_roc,hamming_loss,loss,lr,ranking_loss,val_acc,val_auc_pr,val_auc_roc,val_hamming_loss,val_loss,val_ranking_loss
0,0.7159724034167625,0.3177615855191205,0.5966379948564478,123.10075115513158,1.2690799055067268,0.001,7.342900282627827,0.7404123449325561,0.34444220542907716,0.626506576538086,95.57052337646485,0.9852631092071533,7.702237243652344
0,0.719315949324015,0.32067417494348577,0.6022801979168041,119.96993369025154,1.2368034462671023,0.001,7.410668282895474,0.7478350329399109,0.34969176054000856,0.6353650164604187,66.7396435546875,0.6880375528335572,7.593527183532715
0,0.7182014375119596,0.3178066349512822,0.5992391584692774,123.87511351301863,1.277063016955917,0.001,7.409808558386725,0.745773184299469,0.3444309890270233,0.6302896118164063,71.44169616699219,0.7365123367309571,7.391380577087403
