epoch,acc,auc_pr,auc_roc,hamming_loss,loss,lr,ranking_loss,val_acc,val_auc_pr,val_auc_roc,val_hamming_loss,val_loss,val_ranking_loss
0,0.651609060732094,0.3030328154563904,0.5810808724648243,61.5827988289498,0.6348742133862263,0.001,6.9564384060937,0.5610309207439422,0.3042106914520264,0.5940637016296386,433.2192333984375,4.466177597045898,6.915629405975341
1,0.7252019861259976,0.3090893799388731,0.6028008452943854,54.34388067915633,0.5602461884956103,0.001,7.007861150277628,0.7127834916114807,0.32351680636405944,0.616070249080658,99.15675048828125,1.0222345471382142,7.7645872116088865
