epoch,acc,auc_pr,auc_roc,hamming_loss,loss,lr,ranking_loss,val_acc,val_auc_pr,val_auc_roc,val_hamming_loss,val_loss,val_ranking_loss
0,0.6534898124031119,0.28326529828277797,0.5577076822519302,528.4520651327597,5.447959468171403,0.001,7.252303413442664,0.6527834987640381,0.28756376028060915,0.5630084538459778,539.5660986328126,5.562537155151367,7.115401191711426
1,0.6567637010200603,0.2884085363632924,0.564562341651401,533.3055349813925,5.4979951961620435,0.001,7.228390468133463,0.6527834820747376,0.28875108003616334,0.5639835548400879,539.5610998535157,5.562485542297363,7.115401191711426
0,0.667595405433629,0.2822760045528412,0.556384806294699,503.65875821500214,5.192358297270697,0.001,7.326394912358877,0.6863917279243469,0.2941436195373535,0.5683218812942505,487.81508056640627,5.029021415710449,8.055302619934082
1,0.7015881675320703,0.29560773034353516,0.5684085472210033,462.51128985430745,4.768157643240851,0.001,7.693338078421515,0.7059793663024903,0.29775301456451414,0.5682983016967773,456.528115234375,4.7064754676818845,7.076238632202148
